{
  "id" : "ALGr28-HmegV8jvhxQyqOFs",
  "timestamp" : "2023-04-03T16:02:38.167Z[UTC]",
  "appAppleId" : 1179976600,
  "cfBundleShortVersion" : "15.3.56",
  "cfBundleVersion" : "5.5",
  "deviceModel" : "iPhone9,3",
  "osVersion" : "15.7.3",
  "locale" : "en-US",
  "carrier" : "AT&T",
  "timezone" : "America/New_York",
  "architecture" : "arm64",
  "connectionStatus" : "WI_FI",
  "pairedAppleWatch" : "",
  "appUptimeMillis" : null,
  "availableDiskBytes" : 6475575296,
  "totalDiskBytes" : 31978983424,
  "networkType" : null,
  "batteryPercentage" : 100,
  "screenWidth" : 375,
  "screenHeight" : 667,
  "emailAddress" : "awumsuri@yahoo.com",
  "comment" : null
}